relative_path,bytes,sha256
classify/classify.mcc.db,1139512320,ef55395d2c1dd55081c69d33c4da01c531efb7a997c4f11f9a7ed3d9f62eac83
classify/sv_taxonomy.csv,45893862,9750d56bd2c27c33f93ab66530ada9beb531db1fef909a4427778622360bb852
classify/tables/by_specimen.class.csv,210036,b90fa5c907cf7e7a1172c5efad9d12a71ce187c8a4c9a310691deb2de418fd73
classify/tables/by_specimen.family.csv,370332,4b82b652605ef8c8a330de56496c116035a8c9e3791ad2810722d2f171baafc6
classify/tables/by_specimen.genus.csv,419868,4c72eccaae3b65c0c2f6aaaf1eb1f2ac5733f3618ac80e69c7779534aa128ff6
classify/tables/by_specimen.order.csv,271455,94438f77d113499509f95769212453579483e7e1f7929a5a2b6c50b85bd8b209
classify/tables/by_specimen.phylum.csv,167581,76b198fb5ec8e673627a10bede75ae7d089456e7235a4b3b1c76b1c838dd88c0
classify/tables/by_specimen.species.csv,664905,8c5c0e77c042884d900c5007fc52a453c9a74a64b240dec4018f0750c54b4f4d
classify/tables/by_taxon.class.csv,15780,ba6a699f2aea1e9b381aa5a4990cadf3288f10964af45ba159ab6811a4e16268
classify/tables/by_taxon.family.csv,34766,23137c59c370acbb1973634819822b71fcd4fa0e9c4f559aeaf5e4770964aa42
classify/tables/by_taxon.genus.csv,55525,754150a0e4eaf140d611b9710b6cfb9fa73f9788abcf3a448a4d511dd5988ac8
classify/tables/by_taxon.order.csv,23630,fa2c4eb788ab4757459857b436c7555e19242106f809675444b142408a7948f4
classify/tables/by_taxon.phylum.csv,11052,4c5168ee0fc9ee38943d29e8d28f30281beed3694a4e2fdd756e3717d70e8bab
classify/tables/by_taxon.species.csv,96224,b6527a8dc318443ee377d98ab1b98a0a50be1640975ef1888bbe582b9c5c98fc
classify/tables/tallies_wide.class.csv,43703,625eca00a3d3ce12b832a7362c355bb0441ff58b133b9a7c3653528d955a68fb
classify/tables/tallies_wide.family.csv,93420,fea74ba8f6cde742948a7279255f3cb04c990ab6fce40e9e037b31d4e85a2b01
classify/tables/tallies_wide.genus.csv,150332,2c7d208c295fb65e98c6fb4af5d35f0d5f015481ef63356288e2c4e1771974c6
classify/tables/tallies_wide.order.csv,64513,f26c92abfc1422b5823612b436e3837bd2a7341b8ea5c4e128668e3acc8bd371
classify/tables/tallies_wide.phylum.csv,29688,da1e514383edea49f36ff87462715cbe5f4ab1b7e8b2c0a73498960d7df99fc5
classify/tables/tallies_wide.species.csv,251383,61c030dcf461c5263f4e8a75b0a6164f9aa9d1dc85a6642f644676f43216c1c4
placement/adcl.csv.gz,116557,e720894fdae222a8f768f71b9bbfa4e04ff7ec57bb636491aec16645c5ad7b6e
placement/alpha_diversity.csv.gz,5281,c689aee7d0edda7940dbed9ee281f5896de071df094b3451023588d1b47c92a9
placement/dedup.jplace,56930589,11f5b19ec204438f2461e42e6bbee06235f0f17d6eb1875959e96802ab9c9458
placement/edpl.csv.gz,179160,d486dccc8ee9c23802d59735f64c91e74f31ce448278674bbed777a465e3fb2d
placement/kr_distance.csv.gz,98793,f8120ecaacdfef67a9ce68d52299019d80df2c5ae0a6070b48924aea03a358b2
placement/pca/epca.proj,9136,b9473482c33581518a45fb312c028a0172a064e8ad9ba4501a844ef87a5ee2d9
placement/pca/epca.trans,491945,2856c58e33c527ef5dfcf79f86e1ac9549dba3452fcf929a8264cca0ddf4d51f
placement/pca/epca.xml,5622279,0e070d24629b6584d8b20716a2ca2d4e00834890920eebb2f9dcce80459bae90
placement/pca/lpca.proj,9998,c9e31190ab7a9d64165fc74b54237663a39edaef790e0a51b4779a8d1fc97255
placement/pca/lpca.trans,9103,9424049497892a3b71d7fa9f7ec016ca1e062beb98384fb6d1a67271d87d2e51
placement/pca/lpca.xml,5617620,1e733fe4e8604ad93468f8b50b247f2770d28f763abeb9100c40386bc3a0b1c6
placement/redup.jplace.gz,13234024,38e23c67eff5853c602f633bbe5bc907b1a7a315f092011816b91d6a3e3a230b
refpkg/refpkg.tar.gz,6117378,2a3ce022576744c0c0bd858f005db52ab2c27e6ec249a55c56ef3e9c87622b2e
sv/dada2.combined.seqtabs.nochimera.csv,13603369,3a9cb3c39a428e423dc6b8ecd023f97cbede228acda2dd7cb77377b9d006e91b
sv/dada2.combined.seqtabs.nochimera.rds,882309,7dc4369d94d01ec4982210fe334d6a7a5e292eb80e5a22357277c24a1aceec87
sv/dada2.specimen.sv.long.csv,5437138,a06c7abc33b09ae1a4adc92ad0fdc7e8eea91945d1276d90441eafdae218cfb2
sv/dada2.sv.fasta,9064427,d2ef8ad7ef05e12432ed71bf429bb626e58c22c6c3edb93bcd32c27db089a392
sv/dada2.sv.map.csv,4936582,da1d651a8dd472f892563a16e5f2fe9c7959192aae0801f39fc0ac907c30f456
sv/dada2.sv.shared.txt,5086581,3846fd784c8a85ba8e9a91a5d018e17e5a3a0813d9fc0414e79c6134ed270d8f
sv/dada2.sv.weights.csv,6779482,31400b3b79bf5058a3c2be0a1c54f90bfc996f5e164c488f183559b3dd0b6838
sv/failed_specimens.csv,24,37f23de786cec759c45fd1a1c3fee223dc8fdf406c84773002a7c1699aac72be
