sample_id,total,nongenus,pct_nongenus
Au1,15934,93,0.005836575875486381
Au101,25276,220,0.008703908846336445
Au109,5434,53,0.009753404490246595
Au112,25749,69,0.002679715717115228
Au113,32887,2391,0.07270349986316782
Au114,32294,70,0.0021675853099646994
Au115,28904,44,0.0015222806531967894
Au120,32195,39,0.0012113682248796396
Au121,24635,20,8.118530545971179e-4
Au122,9931,0,0
Au124,38586,170,0.004405743015601513
Au126,44915,17,3.784927084492931e-4
Au128,10287,0,0
Au129,39045,46,0.0011781278012549623
Au131,30528,135,0.004422169811320755
Au133,25743,0,0
Au134,35287,35,9.918666931164452e-4
Au136,26040,0,0
Au143,46627,0,0
Au144,22234,18,8.095709274084735e-4
Au145,27054,10,3.6963110815406224e-4
Au148,60573,3,4.952701698776683e-5
Au153,89661,103,0.0011487714836997133
Au159,45984,196,0.004262352122477384
Au163,46365,62,0.001337215572091017
Au166,24081,99,0.004111124953282671
Au167,6896,66,0.0095707656612529
Au17,24095,29,0.0012035692052293006
Au171,12818,186,0.014510844125448587
Au172,25595,92,0.0035944520414143387
Au174,68734,96,0.0013966886839118923
Au176,17723,45,0.002539073520284376
Au177,19063,130,0.006819493259193202
Au179,14130,34,0.0024062278839348905
Au18,14559,68,0.00467065045676214
Au182,9861,69,0.0069972619409796166
Au184,9633,0,0
Au185,54417,212,0.0038958413731003177
Au186,19372,73,0.0037683254181292585
Au189,20721,0,0
Au19,21834,69,0.003160208848584776
Au190,43194,84,0.0019447145436866232
Au191,50828,0,0
Au192,52419,75,0.0014307789160418931
Au194,20956,63,0.003006298912006108
Au195,33814,50,0.0014786774708700537
Au197,15515,196,0.012632935868514342
Au199,11259,30,0.002664535038635758
Au2,44802,20,4.4640864247131825e-4
Au20,10518,52,0.004943905685491539
Au201,18631,0,0
Au202,13736,55,0.004004076878276063
Au203,49920,249,0.004987980769230769
Au206,47644,82,0.001721098144572244
Au208,55568,11,1.9795565793262308e-4
Au209,17555,36,0.0020506978068926232
Au21,11147,71,0.006369426751592357
Au212,19735,0,0
Au214,10500,15,0.0014285714285714286
Au215,23315,0,0
Au216,4782,35,0.007319113341698034
Au219,6119,29,0.004739336492890996
Au22,47660,2349,0.049286613512379354
Au220,4972,44,0.008849557522123894
Au222,5710,0,0
Au224,25412,366,0.014402644419959074
Au229,34823,647,0.018579674353157397
Au23,20487,172,0.00839556792112071
Au233,22587,60,0.0026563952716164166
Au239,3292,27,0.008201701093560146
Au24,21146,184,0.008701409249976354
Au245,3354,61,0.018187239117471676
Au249,14350,0,0
Au25,66251,115,0.001735822855504068
Au250,30500,63,0.0020655737704918034
Au253,18014,1182,0.06561563228599977
Au257,36734,2421,0.06590624489573692
Au258,53423,52,9.73363532560882e-4
Au26,14489,102,0.007039823314238388
Au262,8248,166,0.020126091173617848
Au263,11784,101,0.008570943652410047
Au264,6899,48,0.006957530076822728
Au266,36669,63,0.0017180724862963265
Au270,23473,13,5.538278021556682e-4
Au281,3249,0,0
Au282,16214,0,0
Au286,3680,0,0
Au29,30988,221,0.007131792952110494
Au295,32233,21,6.515062203331989e-4
Au31,13173,344,0.02611402110377287
Au33,9204,69,0.007496740547588005
Au34,43683,237,0.0054254515486573725
Au35,7466,64,0.008572193945888026
Au37,44799,0,0
Au38,33274,0,0
Au4,33413,751,0.022476281686768622
Au40,10120,97,0.00958498023715415
Au42,14160,54,0.0038135593220338985
Au46,10721,38,0.003544445480832012
Au51,8543,57,0.006672129228608217
Au52,63110,96,0.0015211535414355886
Au55,80981,674,0.008322939948876897
Au56,41454,217,0.005234718000675448
Au57,13125,220,0.016761904761904763
Au64,61330,4201,0.06849828795043209
Au76,34632,819,0.02364864864864865
Au82,29440,406,0.013790760869565218
Au86,30107,229,0.007606204537150829
Au88,6214,155,0.024943675571290635
Au94,19083,159,0.008332023266781953
