taxon,rho,p,prev_mal,prev_q2,mean_mal,mean_q2
Lactobacillus,0.9783603453328223,9.943899933151189e-76,1,1,0.6287146468874355,0.7108657651541099
Gardnerella,0.9780357505128146,2.2030090143330778e-75,1,1,0.18463479654249199,0.17532575806444703
Gordonia,0.9331466896062764,8.484498705151475e-50,0.8545454545454545,0.6181818181818182,0.02008551553921634,0.018387055618539854
Hydrotalea,0.9217335568272317,3.1005227491399754e-46,0.7727272727272727,0.5545454545454546,0.012139528154896278,0.0076317582537530765
Kocuria,0.8932625114475232,2.6961960995860574e-39,0.6727272727272727,0.4727272727272727,0.012311390481359938,0.008457578424118645
Ralstonia,0.8908021992291908,8.62699798617779e-39,0.9363636363636364,0.6636363636363637,0.010743367007497485,0.011818574544430976
Agrobacterium,0.8661417142731648,2.601251865738186e-34,0.4909090909090909,0.36363636363636365,0.003327120420149516,0.004257071299145557
Peptostreptococcus,0.8530692177493157,2.7670239209677544e-32,0.3,0.2,0.012564757652769931,0.009652153692640782
Peptoniphilus,0.8486511322045515,1.2106437375874432e-31,0.8181818181818182,0.7272727272727273,0.002859097292991897,0.005598285278549764
Variovorax,0.8062840354676652,2.233640731592343e-26,0.4727272727272727,0.3181818181818182,0.0014935659578816116,0.0020671071773268952
Finegoldia,0.7429401591022142,1.5178280526653963e-20,0.9,0.6636363636363637,0.0038510557998534243,0.0056665834861305865
Microbacterium,0.7346896381354923,6.539100647007632e-20,0.37272727272727274,0.3,5.181469346278731e-4,8.189304034285717e-4
Streptococcus,0.7110796513866118,3.2146696936016088e-18,0.32727272727272727,0.3090909090909091,7.080843735505476e-4,0.0012622152131624282
Megasphaera,0.7097268945187064,3.97131930062476e-18,0.8,0.5454545454545454,0.0014612098463751384,0.003057973066107448
Cutibacterium,0.706502522476845,6.540981793366803e-18,0.8727272727272727,0.5636363636363636,7.533090441194587e-4,0.0014097215885057067
Corynebacterium,0.6860066048661327,1.3417378428197082e-16,0.8,0.44545454545454544,0.006855859803068131,0.003825101531694719
Bosea,0.676296453827222,5.157352110434443e-16,0.3,0.19090909090909092,1.166816927954912e-4,4.2804155337277836e-4
Clostridium,0.6569332632390169,6.524714697473474e-15,0.5363636363636364,0.4090909090909091,0.004774811865757535,0.0016466832843724884
Lawsonella,0.6460601167620011,2.5053085250821538e-14,0.8545454545454545,0.5363636363636364,7.057256136849739e-4,0.0015147859499403723
Fannyhessea,0.6320950177773709,1.305189094029988e-13,1,0.6181818181818182,0.06568868689563644,0.0035523380768240427
Labrys,0.625428586008029,2.787634805600033e-13,0.10909090909090909,0.06363636363636363,2.421957973260127e-5,6.176299677053626e-5
Ureaplasma,0.6248920691725999,2.960856760014875e-13,0.7272727272727273,0.5,6.895505092899359e-4,0.0013613164604638717
Anaerococcus,0.622835292614099,3.726677108526964e-13,0.6909090909090909,0.43636363636363634,8.999928743556185e-4,0.0017981031049383639
Methylorubrum,0.6139521300200015,9.874255556608017e-13,0.18181818181818182,0.06363636363636363,2.7581535158835e-5,5.410825349633373e-5
Sneathia,0.5963869887158013,6.2142772449516045e-12,0.34545454545454546,0.18181818181818182,3.322426742251724e-4,7.641398967387668e-4
Mesorhizobium,0.5730768912860134,6.048587023737107e-11,0.7545454545454545,0.3181818181818182,0.0042832325852277895,0.0010752701254838658
Aerococcus,0.5484195142229289,5.572489355166698e-10,0.13636363636363635,0.14545454545454545,3.0676691772208855e-5,1.3977131022909186e-4
Staphylococcus,0.5395233316344347,1.1888887652655649e-9,0.6363636363636364,0.2545454545454545,1.7803679150626446e-4,3.091128334538797e-4
Sphingomonas,0.5079547187117031,1.475487469894003e-8,0.20909090909090908,0.09090909090909091,7.949243278520011e-5,1.4489670250777126e-4
Pseudomonas,0.5034733495618282,2.067123535677561e-8,0.19090909090909092,0.05454545454545454,3.740645512091123e-5,2.577095281956686e-5
Bifidobacterium,0.498579483508402,2.970908181393454e-8,0.7090909090909091,0.38181818181818183,0.006589451839091509,0.007047372857077147
Parvimonas,0.48167463154032003,9.964009924057129e-8,0.11818181818181818,0.02727272727272727,2.1681930370913324e-5,5.659888559335454e-5
Acinetobacter,0.4766739919995293,1.407797472786043e-7,0.24545454545454545,0.06363636363636363,7.60861270233627e-5,8.088920486278008e-5
Alishewanella,0.46884441343243816,2.3922956803367795e-7,0.05454545454545454,0.02727272727272727,8.820496574630225e-6,2.4301773119475886e-5
Bradyrhizobium,0.4480490147120636,9.189677983453722e-7,0.8,0.2727272727272727,0.0014687574283351837,6.932955500082708e-4
Methylobacterium,0.44579356090864647,1.0577944464792115e-6,0.36363636363636365,0.18181818181818182,2.729043001505269e-4,3.827064389064765e-4
Escherichia-Shigella,0.4259041395124564,3.5046332531926705e-6,0.14545454545454545,0.12727272727272726,6.943298739780156e-5,1.6556692729653773e-4
Schaalia,0.4147575875909602,6.638840379177997e-6,0.08181818181818182,0.045454545454545456,1.1582684706666699e-5,3.63672437368021e-5
Rhizobium,0.3957845025636363,1.8713493095256245e-5,0.17272727272727273,0.06363636363636363,1.9747893855222423e-5,4.415025135562915e-5
Prevotella,0.3830980639711195,3.614945533901042e-5,0.6909090909090909,0.3090909090909091,0.0016519027576073451,0.001360450204292839
Blautia,0.3719013167670993,6.322256609603439e-5,0.16363636363636364,0.045454545454545456,7.126495397999416e-5,4.283585781450905e-5
Arcanobacterium,0.3574341492556613,1.2637575560402737e-4,0.1,0.045454545454545456,8.065054749618376e-4,5.091548275593435e-5
Afipia,0.2781561335759649,0.003257871267871782,0.13636363636363635,0.02727272727272727,3.86889196783197e-5,7.898970429894694e-6
Mobiluncus,0.25067662927376094,0.00825641336172348,0.15454545454545454,0.09090909090909091,1.1078356502261409e-4,9.993349653868276e-5
Solobacterium,0.24104797167283526,0.011187882069708544,0.045454545454545456,0.02727272727272727,1.0207068894342299e-5,8.436438530755839e-6
Mycoplasma,0.22117045948285385,0.02023343311873706,0.9636363636363636,0.23636363636363636,0.0042210158119602706,0.0012974656445901805
Porphyromonas,0.14044851432617672,0.1433378060192808,0.23636363636363636,0.03636363636363636,8.40242653437455e-5,3.164195997108915e-5
Peptococcus,0.13586643695939205,0.15698852772648142,0.07272727272727272,0.03636363636363636,1.8117906321699066e-5,9.645941781738748e-6
Varibaculum,0.11884194288695443,0.21624533993339323,0.20909090909090908,0.03636363636363636,6.904106184763651e-5,3.597518125490907e-5
Gemella,-0.0025471573349262477,0.9789305772762305,0.16363636363636364,0.06363636363636363,6.618745303821309e-5,3.409157411615536e-5
Abiotrophia,NA,NA,0.00909090909090909,0.01818181818181818,7.304848454621525e-7,5.995483924173493e-6
Campylobacter,NA,NA,0.11818181818181818,0.01818181818181818,1.6714480042020413e-5,4.749585694079031e-6
Chlamydia,NA,NA,0.01818181818181818,0.01818181818181818,1.7266693461420076e-5,1.9475957503732517e-5
Dorea,NA,NA,0.02727272727272727,0.01818181818181818,6.077697387186939e-6,1.2818282759539529e-5
Enhydrobacter,NA,NA,0.01818181818181818,0.05454545454545454,1.285803660897268e-6,4.704139018899541e-5
Faecalibacterium,NA,NA,0.02727272727272727,0.01818181818181818,2.36089601909548e-6,2.681343569301513e-5
Fastidiosipila,NA,NA,0.00909090909090909,0.14545454545454545,9.41479454027806e-7,2.4192849075194042e-4
Fenollaria,NA,NA,0.10909090909090909,0.01818181818181818,1.284114772021885e-5,2.022865172419048e-5
Mediterraneibacter,NA,NA,0.01818181818181818,0.01818181818181818,7.698309695441445e-7,2.3398830099354457e-5
Micrococcus,NA,NA,0.045454545454545456,0.01818181818181818,1.063129427599817e-5,1.2236316968057342e-5
Murdochiella,NA,NA,0.00909090909090909,0.07272727272727272,1.9843064257566026e-6,9.266857804397471e-5
Olsenella,NA,NA,0.09090909090909091,0.01818181818181818,6.846494853864204e-5,1.4268661355502452e-4
Propionimicrobium,NA,NA,0.1,0.01818181818181818,4.1264703858388474e-5,8.345974377104985e-6
Romboutsia,NA,NA,0.00909090909090909,0.01818181818181818,1.2443431505458737e-5,9.506356643162387e-6
Slackia,NA,NA,0.1,0.01818181818181818,2.8853057835086455e-5,9.052282749191716e-5
