sample_id,j_top5,j_top10
Au1,0.42857142857142855,0.42857142857142855
Au101,0.6666666666666666,0.5384615384615384
Au109,0.6666666666666666,0.5384615384615384
Au112,0.42857142857142855,0.42857142857142855
Au113,0.6666666666666666,0.8181818181818182
Au114,0.42857142857142855,0.3333333333333333
Au115,0.42857142857142855,0.3333333333333333
Au120,0.6666666666666666,0.5384615384615384
Au121,0.42857142857142855,0.42857142857142855
Au122,0.42857142857142855,0.6666666666666666
Au124,0.6666666666666666,0.5384615384615384
Au126,0.42857142857142855,0.5384615384615384
Au128,1,0.8181818181818182
Au129,0.6666666666666666,0.5384615384615384
Au131,0.6666666666666666,0.42857142857142855
Au133,0.6666666666666666,0.6666666666666666
Au134,0.6666666666666666,0.5384615384615384
Au136,0.6666666666666666,0.42857142857142855
Au143,0.42857142857142855,0.42857142857142855
Au144,0.42857142857142855,0.3333333333333333
Au145,0.42857142857142855,0.25
Au148,0.42857142857142855,0.6666666666666666
Au153,0.25,0.6666666666666666
Au159,0.6666666666666666,0.8181818181818182
Au163,1,0.42857142857142855
Au166,0.42857142857142855,0.8181818181818182
Au167,0.42857142857142855,0.5384615384615384
Au17,0.42857142857142855,0.5384615384615384
Au171,0.6666666666666666,0.42857142857142855
Au172,0.6666666666666666,0.6666666666666666
Au174,0.6666666666666666,0.5384615384615384
Au176,0.6666666666666666,0.5384615384615384
Au177,0.6666666666666666,0.42857142857142855
Au179,0.6666666666666666,0.6666666666666666
Au18,0.42857142857142855,0.5384615384615384
Au182,0.6666666666666666,0.42857142857142855
Au184,1,0.6666666666666666
Au185,0.6666666666666666,0.6666666666666666
Au186,1,0.6666666666666666
Au189,1,0.5384615384615384
Au19,0.42857142857142855,0.5384615384615384
Au190,1,0.42857142857142855
Au191,0.6666666666666666,0.8181818181818182
Au192,0.6666666666666666,0.5384615384615384
Au194,0.6666666666666666,0.6666666666666666
Au195,0.42857142857142855,0.25
Au197,0.42857142857142855,0.8181818181818182
Au199,0.42857142857142855,0.5384615384615384
Au2,0.25,0.42857142857142855
Au20,0.42857142857142855,0.5384615384615384
Au201,0.42857142857142855,0.42857142857142855
Au202,0.6666666666666666,0.5384615384615384
Au203,0.6666666666666666,0.5384615384615384
Au206,0.42857142857142855,0.42857142857142855
Au208,0.42857142857142855,0.6666666666666666
Au209,0.6666666666666666,0.5384615384615384
Au21,0.6666666666666666,0.5384615384615384
Au212,1,0.8181818181818182
Au214,0.6666666666666666,0.6666666666666666
Au215,1,0.8181818181818182
Au216,0.6666666666666666,0.5384615384615384
Au219,0.42857142857142855,0.42857142857142855
Au22,0.6666666666666666,0.5384615384615384
Au220,0.6666666666666666,0.8181818181818182
Au222,0.6666666666666666,0.8181818181818182
Au224,0.42857142857142855,0.6666666666666666
Au229,0.6666666666666666,0.6666666666666666
Au23,0.42857142857142855,0.42857142857142855
Au233,0.42857142857142855,0.5384615384615384
Au239,1,0.3333333333333333
Au24,0.42857142857142855,0.5384615384615384
Au245,0.6666666666666666,0.42857142857142855
Au249,0.42857142857142855,0.5384615384615384
Au25,0.42857142857142855,0.3333333333333333
Au250,0.6666666666666666,0.5384615384615384
Au253,0.6666666666666666,0.6666666666666666
Au257,0.6666666666666666,0.8181818181818182
Au258,0.6666666666666666,0.6666666666666666
Au26,0.25,0.5384615384615384
Au262,0.42857142857142855,0.6666666666666666
Au263,0.42857142857142855,0.6666666666666666
Au264,0.42857142857142855,0.5384615384615384
Au266,0.42857142857142855,0.42857142857142855
Au270,0.6666666666666666,0.5384615384615384
Au281,0.6666666666666666,0.3333333333333333
Au282,0.42857142857142855,0.42857142857142855
Au286,0.42857142857142855,0.3333333333333333
Au29,0.25,0.42857142857142855
Au295,0.42857142857142855,0.5384615384615384
Au31,0.25,0.42857142857142855
Au33,0.42857142857142855,0.42857142857142855
Au34,0.42857142857142855,0.6666666666666666
Au35,0.6666666666666666,0.6666666666666666
Au37,0.42857142857142855,0.6666666666666666
Au38,0.6666666666666666,0.6666666666666666
Au4,0.42857142857142855,0.5384615384615384
Au40,0.6666666666666666,0.5384615384615384
Au42,0.42857142857142855,0.8181818181818182
Au46,0.42857142857142855,0.5384615384615384
Au51,0.42857142857142855,0.42857142857142855
Au52,0.6666666666666666,0.5384615384615384
Au55,1,0.6666666666666666
Au56,0.6666666666666666,0.5384615384615384
Au57,0.6666666666666666,0.6666666666666666
Au64,1,0.6666666666666666
Au76,1,0.8181818181818182
Au82,1,0.6666666666666666
Au86,0.6666666666666666,0.6666666666666666
Au88,0.42857142857142855,0.42857142857142855
Au94,0.6666666666666666,0.5384615384615384
