sample_id,bray_curtis
Au1,0.18373141559012215
Au101,0.024084030531828008
Au109,0.13657457537213316
Au112,0.05296998131815495
Au113,0.1214476111154616
Au114,0.031966148201429026
Au115,0.0653858632952254
Au120,0.09641226771049884
Au121,0.1375234902792044
Au122,0.1979094148745319
Au124,0.06913509316288573
Au126,0.062287362426510985
Au128,0.37020330112560873
Au129,0.05850980176220028
Au131,0.06637391446837598
Au133,0.023970935659406518
Au134,0.03759544440265161
Au136,0.08245326988658896
Au143,0.021731135586608816
Au144,0.059916973276499204
Au145,0.03407786661082849
Au148,0.05267078734971843
Au153,0.024858228550788352
Au159,0.14071565966070368
Au163,0.043085746727067865
Au166,0.1555715797487215
Au167,0.21064305389796195
Au17,0.06218828654228918
Au171,0.14304134564986673
Au172,0.12287862346398329
Au174,0.12207321343024388
Au176,0.1582993994627097
Au177,0.07009377173394216
Au179,0.17335054114204837
Au18,0.06214131602676645
Au182,0.23892585969335403
Au184,0.3661556342666485
Au185,0.03297649584646143
Au186,0.30102222007559837
Au189,0.08605852155770327
Au19,0.12704205635244706
Au190,0.04680595913220306
Au191,0.051316943810936454
Au192,0.03461677056003232
Au194,0.05809101353990274
Au195,0.07237704242040313
Au197,0.05335649566856767
Au199,0.4282722374925204
Au2,0.15218161020205717
Au20,0.2398760995420577
Au201,0.10791815805471373
Au202,0.1697453264839494
Au203,0.19785009586111565
Au206,0.15159434568482766
Au208,0.14236357898845917
Au209,0.17942668095840988
Au21,0.10774976521674573
Au212,0.05662931970626406
Au214,0.07029285308715932
Au215,0.15693654809226346
Au216,0.21778610417528238
Au219,0.2136863439241918
Au22,0.07181065054962062
Au220,0.33705886366873977
Au222,0.1901190929212959
Au224,0.10979737942826057
Au229,0.10242399552664865
Au23,0.05098885930169031
Au233,0.027429462915880255
Au239,0.3759225497686572
Au24,0.06065472855779427
Au245,0.5790414322587645
Au249,0.08889657773269155
Au25,0.026749731682742698
Au250,0.036654146398684875
Au253,0.11313300376305221
Au257,0.13933406951907604
Au258,0.013570640251531136
Au26,0.06570652117399682
Au262,0.08953543038122835
Au263,0.02366140834317055
Au264,0.07303742690826702
Au266,0.024156698595540378
Au270,0.14455059357013936
Au281,0.4011424418943148
Au282,0.05849823991579768
Au286,0.5598198358126314
Au29,0.037244078724976704
Au295,0.031531227260157356
Au31,0.1323329862375453
Au33,0.05004187163456435
Au34,0.09095462079352701
Au35,0.17194896289199157
Au37,0.12103464054689417
Au38,0.15281717156195052
Au4,0.09649141266905811
Au40,0.17035051082620567
Au42,0.08311627933881849
Au46,0.10656925715067354
Au51,0.134968274456238
Au52,0.172480732622448
Au55,0.0567462457227844
Au56,0.08145851912170704
Au57,0.3026505865098485
Au64,0.1450925047001385
Au76,0.0959078146700431
Au82,0.13191119104287782
Au86,0.06411973939009404
Au88,0.14809805889190183
Au94,0.15543634315968807
