sample_id,shared_mal,shared_q2,total_mal_asym,total_q2_asym,total_mal_sym,total_q2_sym,pct_mal_asym,pct_q2_asym,pct_mal_sym,pct_q2_sym
Au1,179745,15841,188604,15934,188604,15934,0.9530285677928357,0.9941634241245136,0.9530285677928357,0.9941634241245136
Au101,248974,24706,270263,25276,270263,25276,0.9212285810488302,0.9774489634435829,0.9212285810488302,0.9774489634435829
Au109,53744,5283,54356,5434,54356,5434,0.9887408933696372,0.972211998527788,0.9887408933696372,0.972211998527788
Au112,208457,25680,215234,25749,215234,25749,0.9685133389706088,0.9973202842828848,0.9685133389706088,0.9973202842828848
Au113,310579,30343,327680,32887,327680,32887,0.9478118896484375,0.9226442059172317,0.9478118896484375,0.9226442059172317
Au114,237353,32128,250609,32294,250609,32294,0.9471048525791173,0.9948597262649409,0.9471048525791173,0.9948597262649409
Au115,237253,28808,243691,28904,243691,28904,0.9735812976269128,0.9966786603930252,0.9735812976269128,0.9966786603930252
Au120,261415,32090,265772,32195,265772,32195,0.9836062489652785,0.9967386240099394,0.9836062489652785,0.9967386240099394
Au121,298982,24517,305698,24635,305698,24635,0.9780306053686972,0.995210066977877,0.9780306053686972,0.995210066977877
Au122,114682,9765,141425,9931,141425,9931,0.8109033056390312,0.9832846641828618,0.8109033056390312,0.9832846641828618
Au124,306434,38416,309789,38586,309789,38586,0.9891700480004132,0.9955942569843985,0.9891700480004132,0.9955942569843985
Au126,374188,44898,510367,44915,510367,44915,0.7331743627624827,0.9996215072915507,0.7331743627624827,0.9996215072915507
Au128,177702,10287,179271,10287,179271,10287,0.9912478872768044,1,0.9912478872768044,1
Au129,304518,38935,314954,39045,314954,39045,0.9668650025083028,0.9971827378665642,0.9668650025083028,0.9971827378665642
Au131,225095,30311,230478,30528,230478,30528,0.976644191636512,0.9928917714884696,0.976644191636512,0.9928917714884696
Au133,182939,25644,185336,25743,185336,25743,0.9870667328527647,0.9961542943712854,0.9870667328527647,0.9961542943712854
Au134,261025,35249,263081,35287,263081,35287,0.9921849164325816,0.9989231161617593,0.9921849164325816,0.9989231161617593
Au136,288065,25969,290460,26040,290460,26040,0.9917544584452248,0.9972734254992319,0.9917544584452248,0.9972734254992319
Au143,360589,46627,450077,46627,450077,46627,0.80117179949208694,1,0.80117179949208694,1
Au144,189427,22204,196487,22234,196487,22234,0.964068869696214,0.9986507151209859,0.964068869696214,0.9986507151209859
Au145,235402,26907,240260,27054,240260,27054,0.9797802380754183,0.9945664227101353,0.9797802380754183,0.9945664227101353
Au148,438415,60434,458226,60573,458226,60573,0.956765875354083,0.9977052482129002,0.956765875354083,0.9977052482129002
Au153,716176,89176,872041,89661,872041,89661,0.8212641378100342,0.9945907362175305,0.8212641378100342,0.9945907362175305
Au159,403615,45690,449070,45984,449070,45984,0.8987797002694458,0.9936064718162839,0.8987797002694458,0.9936064718162839
Au163,347120,46259,352537,46365,352537,46365,0.9846342369737078,0.9977137927315863,0.9846342369737078,0.9977137927315863
Au166,226349,23881,236180,24081,236180,24081,0.9583749682445593,0.9916946970640754,0.9583749682445593,0.9916946970640754
Au167,86919,6830,88048,6896,88048,6896,0.9871774486643649,0.9904292343387471,0.9871774486643649,0.9904292343387471
Au17,257578,24026,286945,24095,286945,24095,0.8976563452926519,0.997136335339282,0.8976563452926519,0.997136335339282
Au171,140330,12555,143387,12818,143387,12818,0.9786800755996011,0.9794819784677797,0.9786800755996011,0.9794819784677797
Au172,224549,25329,228081,25595,228081,25595,0.9845142734379453,0.9896073451846064,0.9845142734379453,0.9896073451846064
Au174,548367,68427,552969,68734,552969,68734,0.9916776528159806,0.9955335059795735,0.9916776528159806,0.9955335059795735
Au176,175165,17544,178810,17723,178810,17723,0.9796152340473128,0.9899001297748689,0.9796152340473128,0.9899001297748689
Au177,209035,18769,210979,19063,210979,19063,0.9907858128060139,0.9845774537061323,0.9907858128060139,0.9845774537061323
Au179,543914,49545,558137,49920,558137,49920,0.9745170092647504,0.9924879807692307,0.9745170092647504,0.9924879807692307
Au18,153492,14491,155698,14559,155698,14559,0.9858315456845945,0.9953293495432378,0.9858315456845945,0.9953293495432378
Au182,136521,9746,137398,9861,137398,9861,0.9936170832180964,0.9883378967650339,0.9936170832180964,0.9883378967650339
Au184,149334,9578,150717,9633,150717,9633,0.9908238619399271,0.9942904598775044,0.9908238619399271,0.9942904598775044
Au185,423580,54011,437149,54417,437149,54417,0.9689602401012012,0.9925390962383078,0.9689602401012012,0.9925390962383078
Au186,237980,19154,239430,19372,239430,19372,0.9939439502150942,0.988746644641751,0.9939439502150942,0.988746644641751
Au189,176633,20563,177492,20721,177492,20721,0.9951603452549974,0.9923748853819796,0.9951603452549974,0.9923748853819796
Au19,202118,21715,210278,21834,210278,21834,0.961194228592625,0.9945497847393973,0.961194228592625,0.9945497847393973
Au190,309493,42987,314797,43194,314797,43194,0.9831510465474576,0.9952076677316294,0.9831510465474576,0.9952076677316294
Au191,361964,50813,367122,50828,367122,50828,0.9859501746013587,0.9997048870701188,0.9859501746013587,0.9997048870701188
Au192,395995,52279,400938,52419,400938,52419,0.9876714105422784,0.9973292126900551,0.9876714105422784,0.9973292126900551
Au194,191224,20860,192259,20956,192259,20956,0.9946166369324713,0.9954189730864669,0.9946166369324713,0.9954189730864669
Au195,257080,33620,263179,33814,263179,33814,0.9768256585821817,0.9942627314130242,0.9768256585821817,0.9942627314130242
Au197,429572,62899,440831,63110,440831,63110,0.9744596001642353,0.9966566312787197,0.9744596001642353,0.9966566312787197
Au199,188761,11104,191285,11259,191285,11259,0.986805029144993,0.9862332356337152,0.986805029144993,0.9862332356337152
Au2,394275,44700,590760,44802,590760,44802,0.6674030062969734,0.9977233159233962,0.6674030062969734,0.9977233159233962
Au20,144280,10456,146554,10518,146554,10518,0.9844835350792199,0.9941053432211447,0.9844835350792199,0.9941053432211447
Au201,190936,18523,198266,18631,198266,18631,0.9630294654655867,0.9942032097042564,0.9630294654655867,0.9942032097042564
Au202,163010,13594,163404,13736,163404,13736,0.9975887983158307,0.9896622015142691,0.9975887983158307,0.9896622015142691
Au203,168848,14029,171131,14130,171131,14130,0.9866593428426177,0.9928520877565463,0.9866593428426177,0.9928520877565463
Au206,386104,47297,402135,47644,402135,47644,0.960135277953921,0.9927168163882126,0.960135277953921,0.9927168163882126
Au208,433844,55450,442247,55568,442247,55568,0.9809993058177896,0.99787647566945,0.9809993058177896,0.99787647566945
Au209,194439,17380,196119,17555,196119,17555,0.9914337723525003,0.9900313301053831,0.9914337723525003,0.9900313301053831
Au21,123970,10921,128505,11147,128505,11147,0.9647095443757052,0.9797254866780299,0.9647095443757052,0.9797254866780299
Au212,281387,19730,289901,19735,289901,19735,0.970631353462044,0.9997466430200151,0.970631353462044,0.9997466430200151
Au214,150137,10459,151333,10500,151333,10500,0.9920968988918478,0.9960952380952381,0.9920968988918478,0.9960952380952381
Au215,236178,23132,250878,23315,250878,23315,0.9414057828904886,0.9921509757666738,0.9414057828904886,0.9921509757666738
Au216,67907,4712,68292,4782,68292,4782,0.9943624436244363,0.9853617733166039,0.9943624436244363,0.9853617733166039
Au219,95596,6010,100233,6119,100233,6119,0.9537377909470933,0.9821866318025821,0.9537377909470933,0.9821866318025821
Au22,305552,45244,321229,47660,321229,47660,0.9511968097525442,0.9493075954678976,0.9511968097525442,0.9493075954678976
Au220,103287,4877,104253,4972,104253,4972,0.9907340795948318,0.9808930008045053,0.9907340795948318,0.9808930008045053
Au222,83857,5687,84697,5710,84697,5710,0.9900822933515945,0.9959719789842382,0.9900822933515945,0.9959719789842382
Au224,221840,24986,229908,25412,229908,25412,0.9649077022113193,0.9832362663308674,0.9649077022113193,0.9832362663308674
Au229,243215,34049,268881,34823,268881,34823,0.9045451333489536,0.9777733107428999,0.9045451333489536,0.9777733107428999
Au23,144129,20189,153530,20487,153530,20487,0.9387676675568293,0.9854541904622444,0.9387676675568293,0.9854541904622444
Au233,214526,22411,257767,22587,257767,22587,0.8322477275989556,0.9922079072032585,0.8322477275989556,0.9922079072032585
Au239,46866,3265,47160,3292,47160,3292,0.993765903307888,0.9917982989064399,0.993765903307888,0.9917982989064399
Au24,169423,20851,171746,21146,171746,21146,0.9864742119175992,0.9860493710394401,0.9864742119175992,0.9860493710394401
Au245,63105,3235,64600,3354,64600,3354,0.9768575851393189,0.9645199761478831,0.9768575851393189,0.9645199761478831
Au249,131409,14350,170169,14350,170169,14350,0.7722264337217707,1,0.7722264337217707,1
Au25,410635,65916,465782,66251,465782,66251,0.8816034110377816,0.9949434725513577,0.8816034110377816,0.9949434725513577
Au250,253481,30027,611352,30500,611352,30500,0.4146236538033735,0.9844918032786886,0.4146236538033735,0.9844918032786886
Au253,168350,16713,175315,18014,175315,18014,0.9602715112796966,0.9277783945819917,0.9602715112796966,0.9277783945819917
Au257,261352,34290,270548,36734,270548,36734,0.966009728403093,0.9334676321663854,0.966009728403093,0.9334676321663854
Au258,364897,53294,380453,53423,380453,53423,0.9591119008129783,0.9975853096980701,0.9591119008129783,0.9975853096980701
Au26,115521,14351,116670,14489,116670,14489,0.9901517099511442,0.9904755331630892,0.9901517099511442,0.9904755331630892
Au262,67382,8066,70356,8248,70356,8248,0.9577292626073114,0.9779340446168768,0.9577292626073114,0.9779340446168768
Au263,124704,11668,125708,11784,125708,11784,0.9920132370254876,0.9901561439239647,0.9920132370254876,0.9901561439239647
Au264,67978,6813,68862,6899,68862,6899,0.9871627312596207,0.9875344252790259,0.9871627312596207,0.9875344252790259
Au266,235687,36606,242948,36669,242948,36669,0.9701129459802098,0.9982819275137037,0.9701129459802098,0.9982819275137037
Au270,245013,23228,268103,23473,268103,23473,0.9138763833302872,0.989562476036297,0.9138763833302872,0.989562476036297
Au281,54953,3249,55072,3249,55072,3249,0.9978391923300407,1,0.9978391923300407,1
Au282,132269,16101,141614,16214,141614,16214,0.9340107616478597,0.993030714197607,0.9340107616478597,0.993030714197607
Au286,93835,3680,94631,3680,94631,3680,0.9915883801291332,1,0.9915883801291332,1
Au29,264368,30518,279262,30988,279262,30988,0.9466665711768877,0.9848328385181361,0.9466665711768877,0.9848328385181361
Au295,242949,32212,257875,32233,257875,32233,0.94211924381968,0.9993484937796668,0.94211924381968,0.9993484937796668
Au31,121184,12777,121928,13173,121928,13173,0.9938980381864707,0.9699385105898428,0.9938980381864707,0.9699385105898428
Au33,72219,8975,74351,9204,74351,9204,0.9713252007370445,0.9751195132551065,0.9713252007370445,0.9751195132551065
Au34,379936,43102,577339,43683,577339,43683,0.6580813005876963,0.9866996314355699,0.6580813005876963,0.9866996314355699
Au35,78977,7325,84852,7466,84852,7466,0.9307617970112667,0.9811143852129655,0.9307617970112667,0.9811143852129655
Au37,355905,44660,369567,44799,369567,44799,0.9630324136083579,0.9968972521708074,0.9630324136083579,0.9968972521708074
Au38,297157,33238,301203,33274,301203,33274,0.9865671988658812,0.9989180741720262,0.9865671988658812,0.9989180741720262
Au4,302189,32623,345956,33413,345956,33413,0.8734896923308166,0.976356507946009,0.8734896923308166,0.976356507946009
Au40,115679,10018,122042,10120,122042,10120,0.9478622113698563,0.9899209486166007,0.9478622113698563,0.9899209486166007
Au42,171554,13894,175376,14160,175376,14160,0.9782068241948727,0.9812146892655367,0.9782068241948727,0.9812146892655367
Au46,135128,10616,142218,10721,142218,10721,0.9501469574878004,0.9902061374871747,0.9501469574878004,0.9902061374871747
Au51,104475,8421,113535,8543,113535,8543,0.9202008191306645,0.9857193023528035,0.9202008191306645,0.9857193023528035
Au52,174255,15208,187164,15515,187164,15515,0.9310284028979932,0.9802126973896229,0.9310284028979932,0.9802126973896229
Au55,553117,80164,575347,80981,575347,80981,0.9613624473578554,0.9899112137414949,0.9613624473578554,0.9899112137414949
Au56,305890,41078,309621,41454,309621,41454,0.9879497837678969,0.9909297052154195,0.9879497837678969,0.9909297052154195
Au57,170173,12745,172343,13125,172343,13125,0.987408830065625,0.971047619047619,0.987408830065625,0.971047619047619
Au64,606570,57087,622667,61330,622667,61330,0.9741483007771409,0.9308168922224034,0.9741483007771409,0.9308168922224034
Au76,333359,33627,341713,34632,341713,34632,0.9755525836008581,0.9709805959805959,0.9755525836008581,0.9709805959805959
Au82,264295,28917,278640,29440,278640,29440,0.948517800746483,0.9822350543478261,0.948517800746483,0.9822350543478261
Au86,243571,29592,351836,30107,351836,30107,0.6922856103411816,0.9828943435081543,0.6922856103411816,0.9828943435081543
Au88,62902,5975,63673,6214,63673,6214,0.9878912568906758,0.9615384615384616,0.9878912568906758,0.9615384615384616
Au94,208504,18843,230178,19083,230178,19083,0.9058380905212488,0.9874233611067442,0.9058380905212488,0.9874233611067442
